{"cameraMode":{"drawMode":0,"name":"Shaded","section":"Shading Mode"},"sceneLighting":true,"audioPlay":false,"sceneViewState":{"showFog":true,"showMaterialUpdate":true,"showSkybox":true,"showFlares":true,"showImageEffects":true,"showParticleSystems":true},"in2DMode":false,"pivot":{"x":-35.94626998901367,"y":-4.1275434494018559,"z":239.31442260742188},"rotation":{"x":-0.03956257179379463,"y":0.6700850129127502,"z":-0.035826634615659717,"w":-0.7403982877731323},"size":34.96407699584961,"orthographic":false}