{"cameraMode":{"drawMode":0,"name":"Shaded","section":"Shading Mode"},"sceneLighting":true,"audioPlay":false,"sceneViewState":{"showFog":true,"showMaterialUpdate":true,"showSkybox":false,"showFlares":true,"showImageEffects":true,"showParticleSystems":true},"in2DMode":false,"pivot":{"x":10.999999046325684,"y":2.6649999618530275,"z":6.425000190734863},"rotation":{"x":0.16390545666217805,"y":0.7042890191078186,"z":-0.1725812405347824,"w":0.6688778400421143},"size":16.07430076599121,"orthographic":false}